ID Articulo,Categoria,Marca,Nombre,Precio,stock_s,stock_m,stock_l,stock_xl,Estado del articulo,Imagen,Descripcion
5TDZARFH2ES123456,Abrigos,Baluxi,Abrigo Cobra,"150,95",2,1,2,0,Disponible,https://images.unsplash.com/photo-1564485377539-4af72d1f6a2f?q=80&w=687&auto=format&fit=crop&ixlib=rb-4.1.0&ixid=M3wxMjA3fDB8MHxwaG90by1wYWdlfHx8fGVufDB8fHx8fA%3D%3D,Prenda pensada para acompañar la silueta con elegancia y confort. Confeccionada con materiales de calidad que aportan calidez y una sensación envolvente. Un básico atemporal para completar cualquier look.
2GNAXUEV9LC1234567,Abrigos,Baluxi,Abrigo Paño Gris,"130,95",3,1,0,2,Disponible,https://images.unsplash.com/photo-1541823709867-1b206113eafd?q=80&w=687&auto=format&fit=crop&ixlib=rb-4.1.0&ixid=M3wxMjA3fDB8MHxwaG90by1wYWdlfHx8fGVufDB8fHx8fA%3D%3D,Prenda pensada para acompañar la silueta con elegancia y confort. Confeccionada con materiales de calidad que aportan calidez y una sensación envolvente. Un básico atemporal para completar cualquier look.
5N1AT2MTXC123456,Abrigos,Eclisse,Abrigo Finlandia,"269,95",5,4,0,1,Disponible,https://images.unsplash.com/photo-1649935141592-848f27f55dba?q=80&w=735&auto=format&fit=crop&ixlib=rb-4.1.0&ixid=M3wxMjA3fDB8MHxwaG90by1wYWdlfHx8fGVufDB8fHx8fA%3D%3D,Prenda pensada para acompañar la silueta con elegancia y confort. Confeccionada con materiales de calidad que aportan calidez y una sensación envolvente. Un básico atemporal para completar cualquier look.
1HGCR2F38MBVA123456,Abrigos,Ferpe,Abrigo Chocolate,"112,95",3,2,0,1,Disponible,https://images.unsplash.com/photo-1539533113208-f6df8cc8b543?q=80&w=687&auto=format&fit=crop&ixlib=rb-4.1.0&ixid=M3wxMjA3fDB8MHxwaG90by1wYWdlfHx8fGVufDB8fHx8fA%3D%3D,Prenda pensada para acompañar la silueta con elegancia y confort. Confeccionada con materiales de calidad que aportan calidez y una sensación envolvente. Un básico atemporal para completar cualquier look.
1GKS2HKJ1R123456,Abrigos,Ferpe,Abrigo Oversize,"180,95",1,2,2,0,Disponible,https://images.unsplash.com/photo-1728487236178-009739c14e30?q=80&w=687&auto=format&fit=crop&ixlib=rb-4.1.0&ixid=M3wxMjA3fDB8MHxwaG90by1wYWdlfHx8fGVufDB8fHx8fA%3D%3D,Prenda pensada para acompañar la silueta con elegancia y confort. Confeccionada con materiales de calidad que aportan calidez y una sensación envolvente. Un básico atemporal para completar cualquier look.
5TDZARFH2ES123256,Abrigos,Nüva,Abrigo Old Gen,"80,95",3,2,1,0,Disponible,https://plus.unsplash.com/premium_photo-1661775820832-f971657b13f6?q=80&w=687&auto=format&fit=crop&ixlib=rb-4.1.0&ixid=M3wxMjA3fDB8MHxwaG90by1wYWdlfHx8fGVufDB8fHx8fA%3D%3D,Prenda pensada para acompañar la silueta con elegancia y confort. Confeccionada con materiales de calidad que aportan calidez y una sensación envolvente. Un básico atemporal para completar cualquier look.
3LN6L2G99NVBB123456,Abrigos,Veloria,Abrigo Noruega,"230,95",3,1,0,1,Disponible,https://plus.unsplash.com/premium_photo-1737302620598-adf96f9e81b4?q=80&w=1170&auto=format&fit=crop&ixlib=rb-4.1.0&ixid=M3wxMjA3fDB8MHxwaG90by1wYWdlfHx8fGVufDB8fHx8fA%3D%3D,Prenda pensada para acompañar la silueta con elegancia y confort. Confeccionada con materiales de calidad que aportan calidez y una sensación envolvente. Un básico atemporal para completar cualquier look.
1C4RJFBG8EC123456,Abrigos,Eclisse,Abrigo Red Coat,"140,95",0,3,1,2,Disponible,https://images.unsplash.com/photo-1513094735237-8f2714d57c13?q=80&w=735&auto=format&fit=crop&ixlib=rb-4.1.0&ixid=M3wxMjA3fDB8MHxwaG90by1wYWdlfHx8fGVufDB8fHx8fA%3D%3D,Prenda pensada para acompañar la silueta con elegancia y confort. Confeccionada con materiales de calidad que aportan calidez y una sensación envolvente. Un básico atemporal para completar cualquier look.
1GNSCBE01ER123456,Abrigos,Eclisse,Abrigo Nights,"230,95",2,2,0,0,Disponible,https://images.unsplash.com/photo-1668451126539-da9a2e1428cf?q=80&w=687&auto=format&fit=crop&ixlib=rb-4.1.0&ixid=M3wxMjA3fDB8MHxwaG90by1wYWdlfHx8fGVufDB8fHx8fA%3D%3D,Prenda pensada para acompañar la silueta con elegancia y confort. Confeccionada con materiales de calidad que aportan calidez y una sensación envolvente. Un básico atemporal para completar cualquier look.
5YJSA1H18FFP12345,Abrigos,Eclisse,Abrigo Lyon,"140,95",3,2,1,1,Disponible,https://plus.unsplash.com/premium_photo-1765304738972-25cc641faf05?q=80&w=687&auto=format&fit=crop&ixlib=rb-4.1.0&ixid=M3wxMjA3fDB8MHxwaG90by1wYWdlfHx8fGVufDB8fHx8fA%3D%3D,Prenda pensada para acompañar la silueta con elegancia y confort. Confeccionada con materiales de calidad que aportan calidez y una sensación envolvente. Un básico atemporal para completar cualquier look.
1HGCR2F34FA123456,Camisas,Aurea Studio,Camisa Rayas,"45,95",3,2,2,1,Disponible,https://images.unsplash.com/photo-1513379733131-47fc74b45fc7?q=80&w=687&auto=format&fit=crop&ixlib=rb-4.1.0&ixid=M3wxMjA3fDB8MHxwaG90by1wYWdlfHx8fGVufDB8fHx8fA%3D%3D,"Camisa diseñada para un uso versátil y femenino. Elaborada con tejidos suaves que aportan ligereza y comodidad. Una prenda cuidada al detalle, pensada para elevar el estilo diario con naturalidad."
1FMCU0G94EUC12345,Camisas,Aurea Studio,Camisa Sinfy,"49,95",4,2,2,1,Disponible,https://images.unsplash.com/photo-1604681630513-69474a4e253f?q=80&w=627&auto=format&fit=crop&ixlib=rb-4.1.0&ixid=M3wxMjA3fDB8MHxwaG90by1wYWdlfHx8fGVufDB8fHx8fA%3D%3D,"Camisa diseñada para un uso versátil y femenino. Elaborada con tejidos suaves que aportan ligereza y comodidad. Una prenda cuidada al detalle, pensada para elevar el estilo diario con naturalidad."
JTNB11HK6H123456,Camisas,Eclisse,Camisa Bosque,"85,95",1,3,0,1,Disponible,https://images.unsplash.com/photo-1679072961019-f9d39db93c8d?q=80&w=688&auto=format&fit=crop&ixlib=rb-4.1.0&ixid=M3wxMjA3fDB8MHxwaG90by1wYWdlfHx8fGVufDB8fHx8fA%3D%3D,"Camisa diseñada para un uso versátil y femenino. Elaborada con tejidos suaves que aportan ligereza y comodidad. Una prenda cuidada al detalle, pensada para elevar el estilo diario con naturalidad."
1G1BE5SM6G7267789,Camisas,Aurea Studio,Camisa Olivia,"70,95",0,3,0,0,Disponible,https://plus.unsplash.com/premium_photo-1747222307273-6024c36d8e96?q=80&w=735&auto=format&fit=crop&ixlib=rb-4.1.0&ixid=M3wxMjA3fDB8MHxwaG90by1wYWdlfHx8fGVufDB8fHx8fA%3D%3D,"Camisa diseñada para un uso versátil y femenino. Elaborada con tejidos suaves que aportan ligereza y comodidad. Una prenda cuidada al detalle, pensada para elevar el estilo diario con naturalidad."
2HKRM4H73EH12456,Camisas,Aurea Studio,Camisa Lazo ,"100,95",2,2,1,1,Disponible,https://images.unsplash.com/photo-1765365353704-ed0b6e1b11c2?q=80&w=687&auto=format&fit=crop&ixlib=rb-4.1.0&ixid=M3wxMjA3fDB8MHxwaG90by1wYWdlfHx8fGVufDB8fHx8fA%3D%3D,"Camisa diseñada para un uso versátil y femenino. Elaborada con tejidos suaves que aportan ligereza y comodidad. Una prenda cuidada al detalle, pensada para elevar el estilo diario con naturalidad."
YV3MW382682123456,Camisas,Aurea Studio,Camisa Tanzania,"80,95",1,2,1,1,Disponible,https://images.unsplash.com/photo-1668191032118-50ed3e741b2b?q=80&w=688&auto=format&fit=crop&ixlib=rb-4.1.0&ixid=M3wxMjA3fDB8MHxwaG90by1wYWdlfHx8fGVufDB8fHx8fA%3D%3D,"Camisa diseñada para un uso versátil y femenino. Elaborada con tejidos suaves que aportan ligereza y comodidad. Una prenda cuidada al detalle, pensada para elevar el estilo diario con naturalidad."
1C6RR7GV1DS123456,Camisas,Aurea Studio,Camisa Margarita,"56,95",3,2,0,2,Disponible,https://images.unsplash.com/photo-1564257631407-4deb1f99d992?q=80&w=1074&auto=format&fit=crop&ixlib=rb-4.1.0&ixid=M3wxMjA3fDB8MHxwaG90by1wYWdlfHx8fGVufDB8fHx8fA%3D%3D,"Camisa diseñada para un uso versátil y femenino. Elaborada con tejidos suaves que aportan ligereza y comodidad. Una prenda cuidada al detalle, pensada para elevar el estilo diario con naturalidad."
5TDBK3EH9CS123456,Camisas,Ferpe,Camisa Horse ,"60,95",2,0,1,0,Disponible,https://images.unsplash.com/photo-1732706438973-4a6c7c8eb40f?q=80&w=687&auto=format&fit=crop&ixlib=rb-4.1.0&ixid=M3wxMjA3fDB8MHxwaG90by1wYWdlfHx8fGVufDB8fHx8fA%3D%3D,"Camisa diseñada para un uso versátil y femenino. Elaborada con tejidos suaves que aportan ligereza y comodidad. Una prenda cuidada al detalle, pensada para elevar el estilo diario con naturalidad."
1GNSCBW01ER123456,Camisas,Baluxi,Camisa Canada,"80,95",2,3,1,1,Disponible,https://images.unsplash.com/photo-1763559053411-80ae3727443e?q=80&w=687&auto=format&fit=crop&ixlib=rb-4.1.0&ixid=M3wxMjA3fDB8MHxwaG90by1wYWdlfHx8fGVufDB8fHx8fA%3D%3D,"Camisa diseñada para un uso versátil y femenino. Elaborada con tejidos suaves que aportan ligereza y comodidad. Una prenda cuidada al detalle, pensada para elevar el estilo diario con naturalidad."
1LNEM81W95Y123456,Camisas,Nüva,Camisa Encina,"56,95",3,2,2,1,Disponible,https://plus.unsplash.com/premium_photo-1661513968587-308e3fa118b3?q=80&w=687&auto=format&fit=crop&ixlib=rb-4.1.0&ixid=M3wxMjA3fDB8MHxwaG90by1wYWdlfHx8fGVufDB8fHx8fA%3D%3D,"Camisa diseñada para un uso versátil y femenino. Elaborada con tejidos suaves que aportan ligereza y comodidad. Una prenda cuidada al detalle, pensada para elevar el estilo diario con naturalidad."
5LMCJ2D96FRJ12345,Camisetas,Aurea Studio,Camiseta Cropped White,"25,95",2,0,0,0,Disponible,https://plus.unsplash.com/premium_photo-1690349404224-53f94f20df8f?q=80&w=687&auto=format&fit=crop&ixlib=rb-4.1.0&ixid=M3wxMjA3fDB8MHxwaG90by1wYWdlfHx8fGVufDB8fHx8fA%3D%3D,"Camiseta confeccionada en tejido agradable al tacto, pensada para el día a día. Combina comodidad y sencillez con un acabado limpio y actual. Un esencial reinterpretado para un armario contemporáneo."
2HNYD2H22VKLMH123456,Camisetas,Aurea Studio,Camiseta Dale,"49,95",3,2,1,0,Disponible,https://images.unsplash.com/photo-1516824012805-8fc7965afdbb?q=80&w=687&auto=format&fit=crop&ixlib=rb-4.1.0&ixid=M3wxMjA3fDB8MHxwaG90by1wYWdlfHx8fGVufDB8fHx8fA%3D%3D,"Camiseta confeccionada en tejido agradable al tacto, pensada para el día a día. Combina comodidad y sencillez con un acabado limpio y actual. Un esencial reinterpretado para un armario contemporáneo."
1HGCR2F38EA123456,Camisetas,Aurea Studio,Camiseta Current,"55,95",3,2,1,2,Disponible,https://images.unsplash.com/photo-1514993805013-c428d7f63ad4?q=80&w=687&auto=format&fit=crop&ixlib=rb-4.1.0&ixid=M3wxMjA3fDB8MHxwaG90by1wYWdlfHx8fGVufDB8fHx8fA%3D%3D,"Camiseta confeccionada en tejido agradable al tacto, pensada para el día a día. Combina comodidad y sencillez con un acabado limpio y actual. Un esencial reinterpretado para un armario contemporáneo."
5LMCJ2D96FUJ12345,Camisetas,Ferpe,Camiseta Infuse,"30,95",2,2,1,2,Disponible,https://images.unsplash.com/photo-1456885284447-7dd4bb8720bf?q=80&w=687&auto=format&fit=crop&ixlib=rb-4.1.0&ixid=M3wxMjA3fDB8MHxwaG90by1wYWdlfHx8fGVufDB8fHx8fA%3D%3D,"Camiseta confeccionada en tejido agradable al tacto, pensada para el día a día. Combina comodidad y sencillez con un acabado limpio y actual. Un esencial reinterpretado para un armario contemporáneo."
JTEBIFA5JR8G1234567,Camisetas,Ferpe,Camiseta Pelicano,"35,95",2,2,1,1,Disponible,https://images.unsplash.com/photo-1555992643-a97955e6aae6?q=80&w=765&auto=format&fit=crop&ixlib=rb-4.1.0&ixid=M3wxMjA3fDB8MHxwaG90by1wYWdlfHx8fGVufDB8fHx8fA%3D%3D,"Camiseta confeccionada en tejido agradable al tacto, pensada para el día a día. Combina comodidad y sencillez con un acabado limpio y actual. Un esencial reinterpretado para un armario contemporáneo."
2HNYD2H22CH123456,Camisetas,Veloria,Camiseta Lazo,"55,95",3,2,1,0,Disponible,https://images.unsplash.com/photo-1555233707-877052f6c928?q=80&w=765&auto=format&fit=crop&ixlib=rb-4.1.0&ixid=M3wxMjA3fDB8MHxwaG90by1wYWdlfHx8fGVufDB8fHx8fA%3D%3D,"Camiseta confeccionada en tejido agradable al tacto, pensada para el día a día. Combina comodidad y sencillez con un acabado limpio y actual. Un esencial reinterpretado para un armario contemporáneo."
1FTFW1ET9D12345,Camisetas,Veloria,Camiseta Close White,"30,95",2,1,1,1,Disponible,https://images.unsplash.com/photo-1600328759671-85927887458d?q=80&w=687&auto=format&fit=crop&ixlib=rb-4.1.0&ixid=M3wxMjA3fDB8MHxwaG90by1wYWdlfHx8fGVufDB8fHx8fA%3D%3D,"Camiseta confeccionada en tejido agradable al tacto, pensada para el día a día. Combina comodidad y sencillez con un acabado limpio y actual. Un esencial reinterpretado para un armario contemporáneo."
3C4PDCAB1HT123456,Camisetas,Baluxi,Camiseta Orlando,"38,95",2,0,0,0,Agotado,https://images.unsplash.com/photo-1613397872442-bf126656ca86?q=80&w=687&auto=format&fit=crop&ixlib=rb-4.1.0&ixid=M3wxMjA3fDB8MHxwaG90by1wYWdlfHx8fGVufDB8fHx8fA%3D%3D,"Camiseta confeccionada en tejido agradable al tacto, pensada para el día a día. Combina comodidad y sencillez con un acabado limpio y actual. Un esencial reinterpretado para un armario contemporáneo."
WDDUG8CBXEA123456,Camisetas,Eclisse,Camiseta Wakana,"45,95",3,2,1,2,Disponible,https://images.unsplash.com/photo-1524668115671-4b531e88b22e?q=80&w=685&auto=format&fit=crop&ixlib=rb-4.1.0&ixid=M3wxMjA3fDB8MHxwaG90by1wYWdlfHx8fGVufDB8fHx8fA%3D%3D,"Camiseta confeccionada en tejido agradable al tacto, pensada para el día a día. Combina comodidad y sencillez con un acabado limpio y actual. Un esencial reinterpretado para un armario contemporáneo."
1LNHM81W95Y123456,Camisetas,Aurea Studio,Camiseta Palm,"29,95",2,2,1,1,Disponible,https://images.unsplash.com/photo-1630643003428-4b23451e89cb?q=80&w=687&auto=format&fit=crop&ixlib=rb-4.1.0&ixid=M3wxMjA3fDB8MHxwaG90by1wYWdlfHx8fGVufDB8fHx8fA%3D%3D,"Camiseta confeccionada en tejido agradable al tacto, pensada para el día a día. Combina comodidad y sencillez con un acabado limpio y actual. Un esencial reinterpretado para un armario contemporáneo."
1FADP3J20UL123456,Cazadoras,Aurea Studio,Cazadora Velvet,"110,95",2,2,1,1,Disponible,https://plus.unsplash.com/premium_photo-1707928078633-0593545cf471?q=80&w=735&auto=format&fit=crop&ixlib=rb-4.1.0&ixid=M3wxMjA3fDB8MHxwaG90by1wYWdlfHx8fGVufDB8fHx8fA%3D%3D,"Cazadora de inspiración urbana, diseñada para aportar carácter y estilo. Confeccionada con materiales resistentes y confortables. Una prenda pensada para completar el look con personalidad."
5N1AT2MTXFC123456,Cazadoras,Aurea Studio,Cazadora Pantera Black,"140,95",2,4,1,1,Disponible,https://images.unsplash.com/photo-1635769733436-7494a140d309?q=80&w=687&auto=format&fit=crop&ixlib=rb-4.1.0&ixid=M3wxMjA3fDB8MHxwaG90by1wYWdlfHx8fGVufDB8fHx8fA%3D%3D,"Cazadora de inspiración urbana, diseñada para aportar carácter y estilo. Confeccionada con materiales resistentes y confortables. Una prenda pensada para completar el look con personalidad."
3D73Y4CL5AG123456,Cazadoras,Baluxi,Cazadora Pacific,"179,95",2,1,1,1,Disponible,https://plus.unsplash.com/premium_photo-1708275308965-bde27579612d?q=80&w=1074&auto=format&fit=crop&ixlib=rb-4.1.0&ixid=M3wxMjA3fDB8MHxwaG90by1wYWdlfHx8fGVufDB8fHx8fA%3D%3D,"Cazadora de inspiración urbana, diseñada para aportar carácter y estilo. Confeccionada con materiales resistentes y confortables. Una prenda pensada para completar el look con personalidad."
1GKS2HKJ1GR123456,Cazadoras,Baluxi,Cazadora Bomber Negra,"159,95",3,4,0,2,Disponible,https://images.unsplash.com/photo-1676958788581-0f68ee18b00e?q=80&w=764&auto=format&fit=crop&ixlib=rb-4.1.0&ixid=M3wxMjA3fDB8MHxwaG90by1wYWdlfHx8fGVufDB8fHx8fA%3D%3D,"Cazadora de inspiración urbana, diseñada para aportar carácter y estilo. Confeccionada con materiales resistentes y confortables. Una prenda pensada para completar el look con personalidad."
5TDBK3EHXCS123456,Cazadoras,Eclisse,Cazadora Pink Plumas,"199,95",2,2,2,1,Disponible,https://plus.unsplash.com/premium_photo-1708275309127-c08ff65c4965?q=80&w=1074&auto=format&fit=crop&ixlib=rb-4.1.0&ixid=M3wxMjA3fDB8MHxwaG90by1wYWdlfHx8fGVufDB8fHx8fA%3D%3D,"Cazadora de inspiración urbana, diseñada para aportar carácter y estilo. Confeccionada con materiales resistentes y confortables. Una prenda pensada para completar el look con personalidad."
2GKALSEK7G6123456,Cazadoras,Nüva,Cazadora Leather Black,"89,95",3,2,2,2,Disponible,https://plus.unsplash.com/premium_photo-1661775820832-f971657b13f6?q=80&w=687&auto=format&fit=crop&ixlib=rb-4.1.0&ixid=M3wxMjA3fDB8MHxwaG90by1wYWdlfHx8fGVufDB8fHx8fA%3D%3D,"Cazadora de inspiración urbana, diseñada para aportar carácter y estilo. Confeccionada con materiales resistentes y confortables. Una prenda pensada para completar el look con personalidad."
3LN6L2G99ER123456,Cazadoras,Nüva,Cazadora Marte,"79,95",3,2,1,2,Disponible,https://images.unsplash.com/photo-1591047139829-d91aecb6caea?q=80&w=736&auto=format&fit=crop&ixlib=rb-4.1.0&ixid=M3wxMjA3fDB8MHxwaG90by1wYWdlfHx8fGVufDB8fHx8fA%3D%3D,"Cazadora de inspiración urbana, diseñada para aportar carácter y estilo. Confeccionada con materiales resistentes y confortables. Una prenda pensada para completar el look con personalidad."
1GYS4JKJ6HR123456,Cazadoras,Veloria,Cazadora Zebra,"120,95",2,2,2,0,Disponible,https://plus.unsplash.com/premium_photo-1682095757120-c9abb908ed60?q=80&w=687&auto=format&fit=crop&ixlib=rb-4.1.0&ixid=M3wxMjA3fDB8MHxwaG90by1wYWdlfHx8fGVufDB8fHx8fA%3D%3D,"Cazadora de inspiración urbana, diseñada para aportar carácter y estilo. Confeccionada con materiales resistentes y confortables. Una prenda pensada para completar el look con personalidad."
JM1GJ1V62F1234567,Cazadoras,Nüva,Cazadora Mercurio,"320,95",0,2,1,1,Disponible,https://images.unsplash.com/photo-1679506979672-bb3b6ea8059b?q=80&w=678&auto=format&fit=crop&ixlib=rb-4.1.0&ixid=M3wxMjA3fDB8MHxwaG90by1wYWdlfHx8fGVufDB8fHx8fA%3D%3D,"Cazadora de inspiración urbana, diseñada para aportar carácter y estilo. Confeccionada con materiales resistentes y confortables. Una prenda pensada para completar el look con personalidad."
KNMAT2MTXHP123456,Cazadoras,Veloria,Cazadora Limon,"230,95",1,4,2,2,Disponible,https://images.unsplash.com/photo-1631902112544-2271267abb73?q=80&w=687&auto=format&fit=crop&ixlib=rb-4.1.0&ixid=M3wxMjA3fDB8MHxwaG90by1wYWdlfHx8fGVufDB8fHx8fA%3D%3D,"Cazadora de inspiración urbana, diseñada para aportar carácter y estilo. Confeccionada con materiales resistentes y confortables. Una prenda pensada para completar el look con personalidad."
KM8SRDHF7FU123456,Conjuntos,Aurea Studio,Conjunto Red Mono,"90,95",4,3,2,1,Disponible,https://plus.unsplash.com/premium_photo-1673758905770-a62f4309c43c?q=80&w=687&auto=format&fit=crop&ixlib=rb-4.1.0&ixid=M3wxMjA3fDB8MHxwaG90by1wYWdlfHx8fGVufDB8fHx8fA%3D%3D,Conjunto diseñado para ofrecer armonía y equilibrio en el vestir. Confeccionado con tejidos de calidad que se adaptan al movimiento. Una propuesta versátil pensada para un estilo actual y femenino.
KM8SRDHF7FU1234,Conjuntos,Aurea Studio,Conjunto Chandal Mus,"79,95",3,2,3,1,Disponible,https://images.unsplash.com/photo-1515886657613-9f3515b0c78f?q=80&w=720&auto=format&fit=crop&ixlib=rb-4.1.0&ixid=M3wxMjA3fDB8MHxwaG90by1wYWdlfHx8fGVufDB8fHx8fA%3D%3D,Conjunto diseñado para ofrecer armonía y equilibrio en el vestir. Confeccionado con tejidos de calidad que se adaptan al movimiento. Una propuesta versátil pensada para un estilo actual y femenino.
2GKALSCK7G6123456,Conjuntos,Baluxi,Conjunto Ibiza,"60,95",3,3,1,2,Disponible,https://plus.unsplash.com/premium_photo-1664464229692-44046bfd6b7d?q=80&w=687&auto=format&fit=crop&ixlib=rb-4.1.0&ixid=M3wxMjA3fDB8MHxwaG90by1wYWdlfHx8fGVufDB8fHx8fA%3D%3D,Conjunto diseñado para ofrecer armonía y equilibrio en el vestir. Confeccionado con tejidos de calidad que se adaptan al movimiento. Una propuesta versátil pensada para un estilo actual y femenino.
2C3CDZAG8C123456,Conjuntos,Ferpe,Conjunto Villalibre,"149,95",1,0,1,0,Disponible,https://plus.unsplash.com/premium_photo-1675253119026-b1c8b2802ce1?q=80&w=687&auto=format&fit=crop&ixlib=rb-4.1.0&ixid=M3wxMjA3fDB8MHxwaG90by1wYWdlfHx8fGVufDB8fHx8fA%3D%3D,Conjunto diseñado para ofrecer armonía y equilibrio en el vestir. Confeccionado con tejidos de calidad que se adaptan al movimiento. Una propuesta versátil pensada para un estilo actual y femenino.
2T3BF4DV0BW123456,Conjuntos,Veloria,Conjunto Holanda,"99,95",4,1,3,2,Disponible,https://plus.unsplash.com/premium_photo-1666789257987-324048d00dfb?q=80&w=687&auto=format&fit=crop&ixlib=rb-4.1.0&ixid=M3wxMjA3fDB8MHxwaG90by1wYWdlfHx8fGVufDB8fHx8fA%3D%3D,Conjunto diseñado para ofrecer armonía y equilibrio en el vestir. Confeccionado con tejidos de calidad que se adaptan al movimiento. Una propuesta versátil pensada para un estilo actual y femenino.
19XLB2F50CE123456,Conjuntos,Aurea Studio,Conjunto Andalucia,"144,95",3,0,0,0,Disponible,https://images.unsplash.com/photo-1765436607846-d98f3989bb46?q=80&w=687&auto=format&fit=crop&ixlib=rb-4.1.0&ixid=M3wxMjA3fDB8MHxwaG90by1wYWdlfHx8fGVufDB8fHx8fA%3D%3D,Conjunto diseñado para ofrecer armonía y equilibrio en el vestir. Confeccionado con tejidos de calidad que se adaptan al movimiento. Una propuesta versátil pensada para un estilo actual y femenino.
2HKRM4H73EH123456,Conjuntos,Baluxi,Conjunto Raval,"98,95",2,4,2,1,Disponible,https://images.unsplash.com/photo-1767077281212-1b786ddf28c1?q=80&w=687&auto=format&fit=crop&ixlib=rb-4.1.0&ixid=M3wxMjA3fDB8MHxwaG90by1wYWdlfHx8fGVufDB8fHx8fA%3D%3D,Conjunto diseñado para ofrecer armonía y equilibrio en el vestir. Confeccionado con tejidos de calidad que se adaptan al movimiento. Una propuesta versátil pensada para un estilo actual y femenino.
1GNKRFKD6GJ123456,Conjuntos,Eclisse,Conjunto Egipto,"110,95",3,3,2,1,Disponible,https://images.unsplash.com/photo-1767785829269-e0fd240df34c?q=80&w=687&auto=format&fit=crop&ixlib=rb-4.1.0&ixid=M3wxMjA3fDB8MHxwaG90by1wYWdlfHx8fGVufDB8fHx8fA%3D%3D,Conjunto diseñado para ofrecer armonía y equilibrio en el vestir. Confeccionado con tejidos de calidad que se adaptan al movimiento. Una propuesta versátil pensada para un estilo actual y femenino.
1C6RR7GT1DS123456,Conjuntos,Veloria,Conjunto Bali,"139,95",2,3,1,1,Disponible,https://images.unsplash.com/photo-1763637882169-78e5c5f1f16d?q=80&w=687&auto=format&fit=crop&ixlib=rb-4.1.0&ixid=M3wxMjA3fDB8MHxwaG90by1wYWdlfHx8fGVufDB8fHx8fA%3D%3D,Conjunto diseñado para ofrecer armonía y equilibrio en el vestir. Confeccionado con tejidos de calidad que se adaptan al movimiento. Una propuesta versátil pensada para un estilo actual y femenino.
3C4PDCAM1HT123456,Conjuntos,Veloria,Conjunto Hawai,"180,95",1,0,0,0,Disponible,https://plus.unsplash.com/premium_photo-1726098114687-f991f98c3e28?q=80&w=687&auto=format&fit=crop&ixlib=rb-4.1.0&ixid=M3wxMjA3fDB8MHxwaG90by1wYWdlfHx8fGVufDB8fHx8fA%3D%3D,Conjunto diseñado para ofrecer armonía y equilibrio en el vestir. Confeccionado con tejidos de calidad que se adaptan al movimiento. Una propuesta versátil pensada para un estilo actual y femenino.
2C3CDZAG8CH123456,Pantalones,Aurea Studio,Pantalon Negro Pinza,"79,95",2,1,1,0,Disponible,https://images.unsplash.com/photo-1767631338127-8cd80ee2f9df?q=80&w=709&auto=format&fit=crop&ixlib=rb-4.1.0&ixid=M3wxMjA3fDB8MHxwaG90by1wYWdlfHx8fGVufDB8fHx8fA%3D%3D,Pantalón confeccionado con materiales seleccionados para aportar comodidad y una caída natural. Diseñado para acompañar el ritmo diario sin renunciar al estilo. Una prenda esencial en cualquier armario.
584LF2NVMJH123456,Pantalones,Ferpe,Pantalon Negro,"60,95",2,2,1,0,Disponible,https://images.unsplash.com/photo-1509631179647-0177331693ae?q=80&w=688&auto=format&fit=crop&ixlib=rb-4.1.0&ixid=M3wxMjA3fDB8MHxwaG90by1wYWdlfHx8fGVufDB8fHx8fA%3D%3D,Pantalón confeccionado con materiales seleccionados para aportar comodidad y una caída natural. Diseñado para acompañar el ritmo diario sin renunciar al estilo. Una prenda esencial en cualquier armario.
1FVMU0G94EUC12345,Pantalones,Nüva,Pantalon Black Skirt,"45,95",2,1,2,1,Disponible,https://images.unsplash.com/photo-1563993297290-609c9406efcd?q=80&w=687&auto=format&fit=crop&ixlib=rb-4.1.0&ixid=M3wxMjA3fDB8MHxwaG90by1wYWdlfHx8fGVufDB8fHx8fA%3D%3D,Pantalón confeccionado con materiales seleccionados para aportar comodidad y una caída natural. Diseñado para acompañar el ritmo diario sin renunciar al estilo. Una prenda esencial en cualquier armario.
2HKRM3H70GH123456,Pantalones,Nüva,Pantalon Exe,"56,95",3,3,1,0,Disponible,https://images.unsplash.com/photo-1580651214613-f4692d6d138f?q=80&w=686&auto=format&fit=crop&ixlib=rb-4.1.0&ixid=M3wxMjA3fDB8MHxwaG90by1wYWdlfHx8fGVufDB8fHx8fA%3D%3D,Pantalón confeccionado con materiales seleccionados para aportar comodidad y una caída natural. Diseñado para acompañar el ritmo diario sin renunciar al estilo. Una prenda esencial en cualquier armario.
1HGCR2F3NVV123456,Pantalones,Veloria,Pantalon Rayas,"40,95",5,3,2,0,Disponible,https://images.unsplash.com/photo-1521577352947-9bb58764b69a?q=80&w=686&auto=format&fit=crop&ixlib=rb-4.1.0&ixid=M3wxMjA3fDB8MHxwaG90by1wYWdlfHx8fGVufDB8fHx8fA%3D%3D,Pantalón confeccionado con materiales seleccionados para aportar comodidad y una caída natural. Diseñado para acompañar el ritmo diario sin renunciar al estilo. Una prenda esencial en cualquier armario.
1GNKRFKD6JJ123456,Pantalones,Baluxi,Pantalon Pinza Blanco,"110,95",2,0,2,0,Disponible,https://plus.unsplash.com/premium_photo-1689977493146-ed929d07d97e?q=80&w=687&auto=format&fit=crop&ixlib=rb-4.1.0&ixid=M3wxMjA3fDB8MHxwaG90by1wYWdlfHx8fGVufDB8fHx8fA%3D%3D,Pantalón confeccionado con materiales seleccionados para aportar comodidad y una caída natural. Diseñado para acompañar el ritmo diario sin renunciar al estilo. Una prenda esencial en cualquier armario.
1C4RJWBG8EC123456,Pantalones,Ferpe,Pantalon Regular Black,"95,95",2,4,1,2,Disponible,https://images.unsplash.com/photo-1628519662791-c13362859149?q=80&w=687&auto=format&fit=crop&ixlib=rb-4.1.0&ixid=M3wxMjA3fDB8MHxwaG90by1wYWdlfHx8fGVufDB8fHx8fA%3D%3D,Pantalón confeccionado con materiales seleccionados para aportar comodidad y una caída natural. Diseñado para acompañar el ritmo diario sin renunciar al estilo. Una prenda esencial en cualquier armario.
KNMAT2QTXHP123456,Pantalones,Nüva,Pantalon Taller,"75,95",3,2,1,1,Disponible,https://images.unsplash.com/photo-1738618806206-b2cb6331193c?q=80&w=687&auto=format&fit=crop&ixlib=rb-4.1.0&ixid=M3wxMjA3fDB8MHxwaG90by1wYWdlfHx8fGVufDB8fHx8fA%3D%3D,Pantalón confeccionado con materiales seleccionados para aportar comodidad y una caída natural. Diseñado para acompañar el ritmo diario sin renunciar al estilo. Una prenda esencial en cualquier armario.
JTNB11HK6JH123456,Pantalones,Nüva,Pantalon Orlando,"88,95",1,2,0,0,Disponible,https://plus.unsplash.com/premium_photo-1692574097359-7e2385b1aacc?q=80&w=687&auto=format&fit=crop&ixlib=rb-4.1.0&ixid=M3wxMjA3fDB8MHxwaG90by1wYWdlfHx8fGVufDB8fHx8fA%3D%3D,Pantalón confeccionado con materiales seleccionados para aportar comodidad y una caída natural. Diseñado para acompañar el ritmo diario sin renunciar al estilo. Una prenda esencial en cualquier armario.
5YJSS1H18FFP12345,Pantalones,Nüva,Pantalon Zahara,"0,95",2,3,2,2,Disponible,https://images.unsplash.com/photo-1517445312882-bc9910d016b7?q=80&w=773&auto=format&fit=crop&ixlib=rb-4.1.0&ixid=M3wxMjA3fDB8MHxwaG90by1wYWdlfHx8fGVufDB8fHx8fA%3D%3D,Pantalón confeccionado con materiales seleccionados para aportar comodidad y una caída natural. Diseñado para acompañar el ritmo diario sin renunciar al estilo. Una prenda esencial en cualquier armario.
1HGCV1F3CVA123456,Punto,Aurea Studio,Jersey Basic Black,"69,95",2,1,3,2,Disponible,https://images.unsplash.com/photo-1550639524-39ef65e52515?q=80&w=716&auto=format&fit=crop&ixlib=rb-4.1.0&ixid=M3wxMjA3fDB8MHxwaG90by1wYWdlfHx8fGVufDB8fHx8fA%3D%3D,"Prenda de punto suave y envolvente, pensada para aportar confort y calidez. Elaborada con fibras de calidad que ofrecen una sensación agradable al llevarla. Un básico femenino y atemporal."
5NPD84LF6JH123456,Punto,Aurea Studio,Jersey Brooklyn,"89,95",2,3,1,2,Disponible,https://images.unsplash.com/photo-1700336472296-a2b47e5222e2?q=80&w=687&auto=format&fit=crop&ixlib=rb-4.1.0&ixid=M3wxMjA3fDB8MHxwaG90by1wYWdlfHx8fGVufDB8fHx8fA%3D%3D,"Prenda de punto suave y envolvente, pensada para aportar confort y calidez. Elaborada con fibras de calidad que ofrecen una sensación agradable al llevarla. Un básico femenino y atemporal."
1HGCP26369A123456,Punto,Baluxi,Jersey Aqua ,"89,95",3,0,2,1,Disponible,https://plus.unsplash.com/premium_photo-1708275302970-7867d3ad2692?q=80&w=1074&auto=format&fit=crop&ixlib=rb-4.1.0&ixid=M3wxMjA3fDB8MHxwaG90by1wYWdlfHx8fGVufDB8fHx8fA%3D%3D,"Prenda de punto suave y envolvente, pensada para aportar confort y calidez. Elaborada con fibras de calidad que ofrecen una sensación agradable al llevarla. Un básico femenino y atemporal."
2GNAXUEV9K1234567,Punto,Baluxi,Jersey Granate,"89,95",2,3,0,1,Disponible,https://images.unsplash.com/photo-1578835187997-017d9952f020?q=80&w=735&auto=format&fit=crop&ixlib=rb-4.1.0&ixid=M3wxMjA3fDB8MHxwaG90by1wYWdlfHx8fGVufDB8fHx8fA%3D%3D,"Prenda de punto suave y envolvente, pensada para aportar confort y calidez. Elaborada con fibras de calidad que ofrecen una sensación agradable al llevarla. Un básico femenino y atemporal."
1ZVBP8AM9E5323456,Punto,Eclisse,Jersey Gris,"85,95",2,2,2,1,Disponible,https://images.unsplash.com/photo-1534679949574-9c91880cf453?q=80&w=771&auto=format&fit=crop&ixlib=rb-4.1.0&ixid=M3wxMjA3fDB8MHxwaG90by1wYWdlfHx8fGVufDB8fHx8fA%3D%3D,"Prenda de punto suave y envolvente, pensada para aportar confort y calidez. Elaborada con fibras de calidad que ofrecen una sensación agradable al llevarla. Un básico femenino y atemporal."
2GKKCLSEK5E6123456,Punto,Ferpe,Jersey Menorca,"99,95",3,2,1,1,Disponible,https://plus.unsplash.com/premium_photo-1673757121195-8ca6053d4a94?q=80&w=687&auto=format&fit=crop&ixlib=rb-4.1.0&ixid=M3wxMjA3fDB8MHxwaG90by1wYWdlfHx8fGVufDB8fHx8fA%3D%3D,"Prenda de punto suave y envolvente, pensada para aportar confort y calidez. Elaborada con fibras de calidad que ofrecen una sensación agradable al llevarla. Un básico femenino y atemporal."
JH4DC53014C012345,Punto,Ferpe,Jersey Prado,"100,95",2,2,1,2,Disponible,https://images.unsplash.com/photo-1614034372652-269fd9dc790e?q=80&w=764&auto=format&fit=crop&ixlib=rb-4.1.0&ixid=M3wxMjA3fDB8MHxwaG90by1wYWdlfHx8fGVufDB8fHx8fA%3D%3D,"Prenda de punto suave y envolvente, pensada para aportar confort y calidez. Elaborada con fibras de calidad que ofrecen una sensación agradable al llevarla. Un básico femenino y atemporal."
1FMZU73K53UA12345,Punto,Nüva,Jersey Nieve,"110,95",1,2,1,3,Disponible,https://images.unsplash.com/photo-1515511624704-b8916dcc30ea?q=80&w=687&auto=format&fit=crop&ixlib=rb-4.1.0&ixid=M3wxMjA3fDB8MHxwaG90by1wYWdlfHx8fGVufDB8fHx8fA%3D%3D,"Prenda de punto suave y envolvente, pensada para aportar confort y calidez. Elaborada con fibras de calidad que ofrecen una sensación agradable al llevarla. Un básico femenino y atemporal."
5TDBK3VKMXCS123456,Punto,Nüva,Jersey Cuello Gris,"84,95",3,1,2,1,Disponible,https://images.unsplash.com/photo-1613763968264-444a4909b1fa?q=80&w=687&auto=format&fit=crop&ixlib=rb-4.1.0&ixid=M3wxMjA3fDB8MHxwaG90by1wYWdlfHx8fGVufDB8fHx8fA%3D%3D,"Prenda de punto suave y envolvente, pensada para aportar confort y calidez. Elaborada con fibras de calidad que ofrecen una sensación agradable al llevarla. Un básico femenino y atemporal."
2GKALSEK5E6123456,Punto,Veloria,Jersey NY,"89,95",3,1,2,1,Disponible,https://images.unsplash.com/photo-1656432606161-41c3071950ca?q=80&w=764&auto=format&fit=crop&ixlib=rb-4.1.0&ixid=M3wxMjA3fDB8MHxwaG90by1wYWdlfHx8fGVufDB8fHx8fA%3D%3D,"Prenda de punto suave y envolvente, pensada para aportar confort y calidez. Elaborada con fibras de calidad que ofrecen una sensación agradable al llevarla. Un básico femenino y atemporal."
5XYZU3LB6GG123456,Sudaderas,Aurea Studio,Sudadera Negra Crop,"55,95",2,1,2,0,Disponible,https://images.unsplash.com/photo-1521567097888-2c5fc40a8660?q=80&w=687&auto=format&fit=crop&ixlib=rb-4.1.0&ixid=M3wxMjA3fDB8MHxwaG90by1wYWdlfHx8fGVufDB8fHx8fA%3D%3D,Sudadera diseñada para un estilo relajado con un toque actual. Confeccionada en tejido suave que aporta confort durante todo el día. Una prenda funcional reinterpretada con sensibilidad femenina.
1FAFP48Y83F301234,Sudaderas,Aurea Studio,Sudadera OG,"85,95",2,0,2,0,Disponible,https://images.unsplash.com/photo-1689226278455-60b4a0e73636?q=80&w=721&auto=format&fit=crop&ixlib=rb-4.1.0&ixid=M3wxMjA3fDB8MHxwaG90by1wYWdlfHx8fGVufDB8fHx8fA%3D%3D,Sudadera diseñada para un estilo relajado con un toque actual. Confeccionada en tejido suave que aporta confort durante todo el día. Una prenda funcional reinterpretada con sensibilidad femenina.
2C3CDXPG5KH123456,Sudaderas,Baluxi,Sudadera Premia,"79,95",0,0,0,0,Agotado,https://plus.unsplash.com/premium_photo-1689371957831-40f044457743?q=80&w=687&auto=format&fit=crop&ixlib=rb-4.1.0&ixid=M3wxMjA3fDB8MHxwaG90by1wYWdlfHx8fGVufDB8fHx8fA%3D%3D,Sudadera diseñada para un estilo relajado con un toque actual. Confeccionada en tejido suave que aporta confort durante todo el día. Una prenda funcional reinterpretada con sensibilidad femenina.
1FTFW1ET9EFD12345,Sudaderas,Eclisse,Sudadera Negra,"90,95",2,2,2,1,Disponible,https://images.unsplash.com/photo-1708087879986-28b197479769?q=80&w=627&auto=format&fit=crop&ixlib=rb-4.1.0&ixid=M3wxMjA3fDB8MHxwaG90by1wYWdlfHx8fGVufDB8fHx8fA%3D%3D,Sudadera diseñada para un estilo relajado con un toque actual. Confeccionada en tejido suave que aporta confort durante todo el día. Una prenda funcional reinterpretada con sensibilidad femenina.
1HGCV1F3XEA123456,Sudaderas,Ferpe,Sudadera Pink Nube,"69,95",3,2,0,1,Disponible,https://images.unsplash.com/photo-1516195851888-6f1a981a862e?q=80&w=705&auto=format&fit=crop&ixlib=rb-4.1.0&ixid=M3wxMjA3fDB8MHxwaG90by1wYWdlfHx8fGVufDB8fHx8fA%3D%3D,Sudadera diseñada para un estilo relajado con un toque actual. Confeccionada en tejido suave que aporta confort durante todo el día. Una prenda funcional reinterpretada con sensibilidad femenina.
1ZVBP8AMCVJ5323456,Sudaderas,Ferpe,Sudadera Cuero,"89,95",2,1,1,0,Disponible,https://images.unsplash.com/photo-1579493934830-eab45746b51b?q=80&w=687&auto=format&fit=crop&ixlib=rb-4.1.0&ixid=M3wxMjA3fDB8MHxwaG90by1wYWdlfHx8fGVufDB8fHx8fA%3D%3D,Sudadera diseñada para un estilo relajado con un toque actual. Confeccionada en tejido suave que aporta confort durante todo el día. Una prenda funcional reinterpretada con sensibilidad femenina.
5XYZU3LB6G123456,Sudaderas,Ferpe,Sudadera Montreal,"85,95",2,2,0,1,Disponible,https://images.unsplash.com/photo-1506620195489-7839a134b1f3?q=80&w=1170&auto=format&fit=crop&ixlib=rb-4.1.0&ixid=M3wxMjA3fDB8MHxwaG90by1wYWdlfHx8fGVufDB8fHx8fA%3D%3D,Sudadera diseñada para un estilo relajado con un toque actual. Confeccionada en tejido suave que aporta confort durante todo el día. Una prenda funcional reinterpretada con sensibilidad femenina.
5TDBK39CS123456,Sudaderas,Nüva,Sudadera Cremallera,"70,95",3,1,0,1,Disponible,https://images.unsplash.com/photo-1760551734429-233070adf6e9?q=80&w=687&auto=format&fit=crop&ixlib=rb-4.1.0&ixid=M3wxMjA3fDB8MHxwaG90by1wYWdlfHx8fGVufDB8fHx8fA%3D%3D,Sudadera diseñada para un estilo relajado con un toque actual. Confeccionada en tejido suave que aporta confort durante todo el día. Una prenda funcional reinterpretada con sensibilidad femenina.
1G1BE5SM6G7246789,Sudaderas,Veloria,Sudadera Rosa,"69,95",1,1,0,2,Disponible,https://images.unsplash.com/photo-1674471807613-9de23f99514b?q=80&w=764&auto=format&fit=crop&ixlib=rb-4.1.0&ixid=M3wxMjA3fDB8MHxwaG90by1wYWdlfHx8fGVufDB8fHx8fA%3D%3D,Sudadera diseñada para un estilo relajado con un toque actual. Confeccionada en tejido suave que aporta confort durante todo el día. Una prenda funcional reinterpretada con sensibilidad femenina.
JM1GJ1H62F1234567,Sudaderas,Aurea Studio,Sudadera Elite,"85,95",1,1,2,2,Disponible,https://plus.unsplash.com/premium_photo-1727967192808-7024064aa628?q=80&w=735&auto=format&fit=crop&ixlib=rb-4.1.0&ixid=M3wxMjA3fDB8MHxwaG90by1wYWdlfHx8fGVufDB8fHx8fA%3D%3D,Sudadera diseñada para un estilo relajado con un toque actual. Confeccionada en tejido suave que aporta confort durante todo el día. Una prenda funcional reinterpretada con sensibilidad femenina.
5NMV84LF2JH123456,Tops,Baluxi,Top Cordoba ,"59,95",2,3,2,0,Disponible,https://images.unsplash.com/photo-1609505848912-b7c3b8b4beda?q=80&w=765&auto=format&fit=crop&ixlib=rb-4.1.0&ixid=M3wxMjA3fDB8MHxwaG90by1wYWdlfHx8fGVufDB8fHx8fA%3D%3D,Top diseñado para aportar ligereza y feminidad al look. Confeccionado con tejidos suaves que ofrecen una sensación cómoda sobre la piel. Una prenda versátil pensada para múltiples combinaciones.
1GNKVJKD0DJ123456,Tops,Eclisse,Top Orange,"35,95",0,0,0,0,Agotado,https://plus.unsplash.com/premium_photo-1664875849194-0adbac28529f?q=80&w=687&auto=format&fit=crop&ixlib=rb-4.1.0&ixid=M3wxMjA3fDB8MHxwaG90by1wYWdlfHx8fGVufDB8fHx8fA%3D%3D,Top diseñado para aportar ligereza y feminidad al look. Confeccionado con tejidos suaves que ofrecen una sensación cómoda sobre la piel. Una prenda versátil pensada para múltiples combinaciones.
WAUZZZ8V6EA123456,Tops,Eclisse,Top Punto,"45,95",3,2,0,2,Disponible,https://plus.unsplash.com/premium_photo-1670282392820-e3590c1c5c54?q=80&w=765&auto=format&fit=crop&ixlib=rb-4.1.0&ixid=M3wxMjA3fDB8MHxwaG90by1wYWdlfHx8fGVufDB8fHx8fA%3D%3D,Top diseñado para aportar ligereza y feminidad al look. Confeccionado con tejidos suaves que ofrecen una sensación cómoda sobre la piel. Una prenda versátil pensada para múltiples combinaciones.
WBA5A5C54PD123456,Tops,Veloria,Top Basic,"35,95",3,1,1,1,Disponible,https://images.unsplash.com/photo-1524638431109-93d95c968f03?q=80&w=687&auto=format&fit=crop&ixlib=rb-4.1.0&ixid=M3wxMjA3fDB8MHxwaG90by1wYWdlfHx8fGVufDB8fHx8fA%3D%3D,Top diseñado para aportar ligereza y feminidad al look. Confeccionado con tejidos suaves que ofrecen una sensación cómoda sobre la piel. Una prenda versátil pensada para múltiples combinaciones.
JTEBU5JR8G1234567,Tops,Veloria,Top Night Top,"79,95",3,2,0,1,Disponible,https://images.unsplash.com/photo-1615212814093-f56085658024?q=80&w=687&auto=format&fit=crop&ixlib=rb-4.1.0&ixid=M3wxMjA3fDB8MHxwaG90by1wYWdlfHx8fGVufDB8fHx8fA%3D%3D,Top diseñado para aportar ligereza y feminidad al look. Confeccionado con tejidos suaves que ofrecen una sensación cómoda sobre la piel. Una prenda versátil pensada para múltiples combinaciones.
5J6RM4H71GL123456,Tops,Veloria,Top Cactus White,"29,95",0,0,0,0,Agotado,https://images.unsplash.com/photo-1688111476526-352dc55f8f13?q=80&w=687&auto=format&fit=crop&ixlib=rb-4.1.0&ixid=M3wxMjA3fDB8MHxwaG90by1wYWdlfHx8fGVufDB8fHx8fA%3D%3D,Top diseñado para aportar ligereza y feminidad al look. Confeccionado con tejidos suaves que ofrecen una sensación cómoda sobre la piel. Una prenda versátil pensada para múltiples combinaciones.
WDDRG8CBXEA123456,Tops,Eclisse,Top Boss,"29,95",3,2,2,1,Disponible,https://images.unsplash.com/photo-1547286445-b8228a3a0f35?q=80&w=1074&auto=format&fit=crop&ixlib=rb-4.1.0&ixid=M3wxMjA3fDB8MHxwaG90by1wYWdlfHx8fGVufDB8fHx8fA%3D%3D,Top diseñado para aportar ligereza y feminidad al look. Confeccionado con tejidos suaves que ofrecen una sensación cómoda sobre la piel. Una prenda versátil pensada para múltiples combinaciones.
2HKRM4H36EH123456,Tops,Eclisse,Top Cadiz,"45,95",2,0,1,0,Disponible,https://images.unsplash.com/photo-1593380090147-a2192b72a9ae?q=80&w=1025&auto=format&fit=crop&ixlib=rb-4.1.0&ixid=M3wxMjA3fDB8MHxwaG90by1wYWdlfHx8fGVufDB8fHx8fA%3D%3D,Top diseñado para aportar ligereza y feminidad al look. Confeccionado con tejidos suaves que ofrecen una sensación cómoda sobre la piel. Una prenda versátil pensada para múltiples combinaciones.
19XFB2F50CE123170,Tops,Ferpe,Top Sil,"70,95",0,0,1,3,Disponible,https://plus.unsplash.com/premium_photo-1669138512572-73dd57cc7cb6?q=80&w=685&auto=format&fit=crop&ixlib=rb-4.1.0&ixid=M3wxMjA3fDB8MHxwaG90by1wYWdlfHx8fGVufDB8fHx8fA%3D%3D,Top diseñado para aportar ligereza y feminidad al look. Confeccionado con tejidos suaves que ofrecen una sensación cómoda sobre la piel. Una prenda versátil pensada para múltiples combinaciones.
90BFJLDS3FW123456,Tops,Eclisse,Top Temple,"49,95",3,0,1,3,Disponible,https://plus.unsplash.com/premium_photo-1673757121318-53dbe8f7b08c?q=80&w=687&auto=format&fit=crop&ixlib=rb-4.1.0&ixid=M3wxMjA3fDB8MHxwaG90by1wYWdlfHx8fGVufDB8fHx8fA%3D%3D,Top diseñado para aportar ligereza y feminidad al look. Confeccionado con tejidos suaves que ofrecen una sensación cómoda sobre la piel. Una prenda versátil pensada para múltiples combinaciones.
1C4PJLDS3FW123456,Vestidos,Aurea Studio,Vestido Irlanda,"119,95",2,1,1,2,Disponible,https://images.unsplash.com/photo-1553782376-b2e8256ab838?q=80&w=687&auto=format&fit=crop&ixlib=rb-4.1.0&ixid=M3wxMjA3fDB8MHxwaG90by1wYWdlfHx8fGVufDB8fHx8fA%3D%3D,Vestido diseñado para realzar el estilo femenino con naturalidad. Confeccionado con materiales de calidad que aportan una sensación fluida y agradable. Una prenda pensada para acompañar diferentes momentos del día.
WBA5A5C54FD123456,Vestidos,Aurea Studio,Vestido Andorra,"140,95",2,3,2,0,Disponible,https://images.unsplash.com/photo-1532675432006-329c6fed7045?q=80&w=627&auto=format&fit=crop&ixlib=rb-4.1.0&ixid=M3wxMjA3fDB8MHxwaG90by1wYWdlfHx8fGVufDB8fHx8fA%3D%3D,Vestido diseñado para realzar el estilo femenino con naturalidad. Confeccionado con materiales de calidad que aportan una sensación fluida y agradable. Una prenda pensada para acompañar diferentes momentos del día.
WAUZZZ8V6AJA123456,Vestidos,Eclisse,Vestido Olivia,"159,95",2,2,2,1,Disponible,https://images.unsplash.com/photo-1545911825-6bfa5b0c34a9?q=80&w=687&auto=format&fit=crop&ixlib=rb-4.1.0&ixid=M3wxMjA3fDB8MHxwaG90by1wYWdlfHx8fGVufDB8fHx8fA%3D%3D,Vestido diseñado para realzar el estilo femenino con naturalidad. Confeccionado con materiales de calidad que aportan una sensación fluida y agradable. Una prenda pensada para acompañar diferentes momentos del día.
1GNKVJKD0123456,Vestidos,Ferpe,Vestido Otoño,"230,95",0,0,0,0,Agotado,https://images.unsplash.com/photo-1568252542512-9fe8fe9c87bb?q=80&w=719&auto=format&fit=crop&ixlib=rb-4.1.0&ixid=M3wxMjA3fDB8MHxwaG90by1wYWdlfHx8fGVufDB8fHx8fA%3D%3D,Vestido diseñado para realzar el estilo femenino con naturalidad. Confeccionado con materiales de calidad que aportan una sensación fluida y agradable. Una prenda pensada para acompañar diferentes momentos del día.
5NPD84LF2JH123456,Vestidos,Veloria,Vestido Tunez,"219,95",3,2,1,2,Disponible,https://images.unsplash.com/photo-1550928431-ee0ec6db30d3?q=80&w=687&auto=format&fit=crop&ixlib=rb-4.1.0&ixid=M3wxMjA3fDB8MHxwaG90by1wYWdlfHx8fGVufDB8fHx8fA%3D%3D,Vestido diseñado para realzar el estilo femenino con naturalidad. Confeccionado con materiales de calidad que aportan una sensación fluida y agradable. Una prenda pensada para acompañar diferentes momentos del día.
1FADP3J20HL123456,Vestidos,Veloria,Vestido Office Black,"99,95",2,1,1,2,Disponible,https://images.unsplash.com/photo-1562894369-193bedce28e3?q=80&w=687&auto=format&fit=crop&ixlib=rb-4.1.0&ixid=M3wxMjA3fDB8MHxwaG90by1wYWdlfHx8fGVufDB8fHx8fA%3D%3D,Vestido diseñado para realzar el estilo femenino con naturalidad. Confeccionado con materiales de calidad que aportan una sensación fluida y agradable. Una prenda pensada para acompañar diferentes momentos del día.
2C3CDXJG5KH123456,Vestidos,Ferpe,Vestido Velvet,"300,95",0,0,0,0,Agotado,https://images.unsplash.com/photo-1703718199979-88c73709d05e?q=80&w=687&auto=format&fit=crop&ixlib=rb-4.1.0&ixid=M3wxMjA3fDB8MHxwaG90by1wYWdlfHx8fGVufDB8fHx8fA%3D%3D,Vestido diseñado para realzar el estilo femenino con naturalidad. Confeccionado con materiales de calidad que aportan una sensación fluida y agradable. Una prenda pensada para acompañar diferentes momentos del día.
19XFB2F50CE123456,Vestidos,Veloria,Vestido Cadiz,"179,95",1,4,0,1,Disponible,https://images.unsplash.com/photo-1748785944631-23fb014c432a?q=80&w=687&auto=format&fit=crop&ixlib=rb-4.1.0&ixid=M3wxMjA3fDB8MHxwaG90by1wYWdlfHx8fGVufDB8fHx8fA%3D%3D,Vestido diseñado para realzar el estilo femenino con naturalidad. Confeccionado con materiales de calidad que aportan una sensación fluida y agradable. Una prenda pensada para acompañar diferentes momentos del día.
YV1MW382682123456,Vestidos,Veloria,Vestido Casablanca,"145,95",1,1,2,2,Disponible,https://images.unsplash.com/photo-1739829368552-1643c60c179c?q=80&w=687&auto=format&fit=crop&ixlib=rb-4.1.0&ixid=M3wxMjA3fDB8MHxwaG90by1wYWdlfHx8fGVufDB8fHx8fA%3D%3D,Vestido diseñado para realzar el estilo femenino con naturalidad. Confeccionado con materiales de calidad que aportan una sensación fluida y agradable. Una prenda pensada para acompañar diferentes momentos del día.
5J6RJCV4H71GL123456,Vestidos,Ferpe,Vestido Monaco,"119,95",0,0,0,0,Agotado,https://images.unsplash.com/photo-1617922001439-4a2e6562f328?q=80&w=687&auto=format&fit=crop&ixlib=rb-4.1.0&ixid=M3wxMjA3fDB8MHxwaG90by1wYWdlfHx8fGVufDB8fHx8fA%3D%3D,Vestido diseñado para realzar el estilo femenino con naturalidad. Confeccionado con materiales de calidad que aportan una sensación fluida y agradable. Una prenda pensada para acompañar diferentes momentos del día.